{
    "6": {
        "MAE": 2.846268713843068,
        "RMSE": 3.535067614090104,
        "MAPE": 9.380489267349384
    },
    "12": {
        "MAE": 5.176474773990079,
        "RMSE": 6.161773206591593,
        "MAPE": 13.612835732704484
    },
    "24": {
        "MAE": 3.1719027765732406,
        "RMSE": 3.974549519042138,
        "MAPE": 7.708843707163473
    },
    "48": {
        "MAE": 3.042407558130345,
        "RMSE": 3.8491898241380604,
        "MAPE": 9.346287152216643
    },
    "72": {
        "MAE": 6.077624973649815,
        "RMSE": 6.972655739203485,
        "MAPE": 16.98777563858008
    },
    "168": {
        "MAE": 6.305993089823163,
        "RMSE": 7.768935198051713,
        "MAPE": 18.042135795054115
    }
}